Voltage_V,Capacitance_pF,InvC2_1_per_nF2,D1InvC2,SmoothedD1InvC2,Sigmoid_A,Sigmoid_x0,Sigmoid_k,Sigmoid_y0
0,319.6,9.79008491528,6.18434577198,13.5359339994,22.0951436181,72.8194535719,0.217103743375,0.259692184918
1,250.2,15.9744306873,7.94941704622,16.7500899921,22.0951436181,72.8194535719,0.217103743375,0.259692184918
2,197.3,25.6889190077,19.9002375893,19.4457548499,22.0951436181,72.8194535719,0.217103743375,0.259692184918
3,133.9,55.7749058659,27.3735219557,21.6582547826,22.0951436181,72.8194535719,0.217103743375,0.259692184918
4,111.5,80.435962919,33.5675054989,23.422916,22.0951436181,72.8194535719,0.217103743375,0.259692184918
5,90.2,122.909916864,37.3243605363,24.775064712,22.0951436181,72.8194535719,0.217103743375,0.259692184918
6,80.3,155.084683992,28.6310737288,25.7500271284,22.0951436181,72.8194535719,0.217103743375,0.259692184918
7,74.5,180.172064321,25.0840732224,26.383129459,22.0951436181,72.8194535719,0.217103743375,0.259692184918
8,69.8,205.252830437,25.748824401,26.7096979137,22.0951436181,72.8194535719,0.217103743375,0.259692184918
9,65.7,231.669713123,26.6112891065,26.7650587022,22.0951436181,72.8194535719,0.217103743375,0.259692184918
10,62.2,258.47540865,25.874039356,26.5845380345,22.0951436181,72.8194535719,0.217103743375,0.259692184918
11,59.4,283.417791835,25.1972029061,26.2034621202,22.0951436181,72.8194535719,0.217103743375,0.259692184918
12,56.9,308.869814462,25.3983769251,25.6571571693,22.0951436181,72.8194535719,0.217103743375,0.259692184918
13,54.7,334.214545685,25.5967063204,24.9809493916,22.0951436181,72.8194535719,0.217103743375,0.259692184918
14,52.7,360.063227103,22.8847094956,24.2101649969,22.0951436181,72.8194535719,0.217103743375,0.259692184918
15,51.3,379.983964677,7.03182714394,23.380130195,22.0951436181,72.8194535719,0.217103743375,0.259692184918
16,51.7,374.126881391,7.62944614839,22.5162159952,22.0951436181,72.8194535719,0.217103743375,0.259692184918
17,50.3,395.242856973,21.1831232364,21.3390290557,22.0951436181,72.8194535719,0.217103743375,0.259692184918
18,49,416.493127863,23.0550774097,20.6453595912,22.0951436181,72.8194535719,0.217103743375,0.259692184918
19,47.6,441.353011793,22.9940419187,20.3552275139,22.0951436181,72.8194535719,0.217103743375,0.259692184918
20,46.5,462.481211701,21.9053412187,20.514289943,22.0951436181,72.8194535719,0.217103743375,0.259692184918
21,45.4,485.16369423,22.3914045384,20.9774576568,22.0951436181,72.8194535719,0.217103743375,0.259692184918
22,44.4,507.264020778,22.872930009,21.1332686718,22.0951436181,72.8194535719,0.217103743375,0.259692184918
23,43.4,530.909554248,24.4918771157,21.2548013547,22.0951436181,72.8194535719,0.217103743375,0.259692184918
24,42.4,556.247775009,23.4690394439,21.4057539211,22.0951436181,72.8194535719,0.217103743375,0.259692184918
25,41.6,577.847633136,22.2413566324,21.6225285966,22.0951436181,72.8194535719,0.217103743375,0.259692184918
26,40.8,600.730488274,22.0195233366,21.8432223937,22.0951436181,72.8194535719,0.217103743375,0.259692184918
27,40.1,621.886679809,21.7249926639,22.0739720557,22.0951436181,72.8194535719,0.217103743375,0.259692184918
28,39.4,644.180473601,22.9041185147,22.4967239126,22.0951436181,72.8194535719,0.217103743375,0.259692184918
29,38.7,667.694916839,24.1701510109,22.9568742683,22.0951436181,72.8194535719,0.217103743375,0.259692184918
30,38,692.520775623,21.7080971363,23.3160304482,22.0951436181,72.8194535719,0.217103743375,0.259692184918
31,37.5,711.111111111,20.9519563985,22.9286255089,22.0951436181,72.8194535719,0.217103743375,0.259692184918
32,36.9,734.42468842,23.8963640917,22.295283963,22.0951436181,72.8194535719,0.217103743375,0.259692184918
33,36.3,758.903839295,22.9128079386,22.1554797896,22.0951436181,72.8194535719,0.217103743375,0.259692184918
34,35.8,780.250304298,21.803206387,22.0674682905,22.0951436181,72.8194535719,0.217103743375,0.259692184918
35,35.3,802.510252068,20.3805087243,21.9610282618,22.0951436181,72.8194535719,0.217103743375,0.259692184918
36,34.9,821.011321746,21.2705635277,21.7866149959,22.0951436181,72.8194535719,0.217103743375,0.259692184918
37,34.4,845.051379124,22.020290684,21.7939889058,22.0951436181,72.8194535719,0.217103743375,0.259692184918
38,34,865.051903114,20.3597979664,21.7746628165,22.0951436181,72.8194535719,0.217103743375,0.259692184918
39,33.6,885.770975057,21.0957642217,21.8208251958,22.0951436181,72.8194535719,0.217103743375,0.259692184918
40,33.2,907.243431558,21.8676356126,21.808421436,22.0951436181,72.8194535719,0.217103743375,0.259692184918
41,32.8,929.506246282,22.6776288333,21.7306671085,22.0951436181,72.8194535719,0.217103743375,0.259692184918
42,32.4,952.598689224,23.528126859,21.6221536149,22.0951436181,72.8194535719,0.217103743375,0.259692184918
43,32,976.5625,21.2675532573,21.4948657833,22.0951436181,72.8194535719,0.217103743375,0.259692184918
44,31.7,995.133795739,22.0842737881,21.6254376975,22.0951436181,72.8194535719,0.217103743375,0.259692184918
45,31.3,1020.73104758,22.724465294,21.7871562796,22.0951436181,72.8194535719,0.217103743375,0.259692184918
46,31,1040.58272633,20.1440837409,21.7990867198,22.0951436181,72.8194535719,0.217103743375,0.259692184918
47,30.7,1061.01921506,20.7404927923,21.7273752953,22.0951436181,72.8194535719,0.217103743375,0.259692184918
48,30.4,1082.06371191,21.3606808784,21.777026004,22.0951436181,72.8194535719,0.217103743375,0.259692184918
49,30.1,1103.74057681,22.0058450488,21.7809813091,22.0951436181,72.8194535719,0.217103743375,0.259692184918
50,29.8,1126.07540201,22.6772554018,21.7250186631,22.0951436181,72.8194535719,0.217103743375,0.259692184918
51,29.5,1149.09508762,23.3762603391,21.580913831,22.0951436181,72.8194535719,0.217103743375,0.259692184918
52,29.2,1172.82792269,19.9827772371,21.7032210745,22.0951436181,72.8194535719,0.217103743375,0.259692184918
53,29,1189.06064209,20.6105260242,21.7830635687,22.0951436181,72.8194535719,0.217103743375,0.259692184918
54,28.7,1214.04897474,21.0437017299,21.7143610815,22.0951436181,72.8194535719,0.217103743375,0.259692184918
55,28.5,1231.14804555,21.7165216358,21.8560336232,22.0951436181,72.8194535719,0.217103743375,0.259692184918
56,28.2,1257.48201801,22.1810792646,21.9006411738,22.0951436181,72.8194535719,0.217103743375,0.259692184918
57,28,1275.51020408,22.9030890558,21.8743642803,22.0951436181,72.8194535719,0.217103743375,0.259692184918
58,27.7,1303.28819612,23.4019227526,21.8048220783,22.0951436181,72.8194535719,0.217103743375,0.259692184918
59,27.5,1322.31404959,19.2356936995,21.5422257546,22.0951436181,72.8194535719,0.217103743375,0.259692184918
60,27.3,1341.75958352,19.6615915109,21.5010268009,22.0951436181,72.8194535719,0.217103743375,0.259692184918
61,27.1,1361.63723261,20.100156003,21.6044841329,22.0951436181,72.8194535719,0.217103743375,0.259692184918
62,26.9,1381.95989552,20.5518616096,21.07766469,22.0951436181,72.8194535719,0.217103743375,0.259692184918
63,26.7,1402.74095583,21.0172042495,20.4394614883,22.0951436181,72.8194535719,0.217103743375,0.259692184918
64,26.5,1423.99430402,21.4967024704,19.9793756177,22.0951436181,72.8194535719,0.217103743375,0.259692184918
65,26.3,1445.73436077,21.9908986631,19.0973393399,22.0951436181,72.8194535719,0.217103743375,0.259692184918
66,26.1,1467.97610135,22.5003603501,18.1903044869,22.0951436181,72.8194535719,0.217103743375,0.259692184918
67,25.9,1490.73508147,17.1687307689,17.5542478783,22.0951436181,72.8194535719,0.217103743375,0.259692184918
68,25.8,1502.31356289,17.5719123907,16.6219111893,22.0951436181,72.8194535719,0.217103743375,0.259692184918
69,25.6,1525.87890625,17.778243547,15.3176335546,22.0951436181,72.8194535719,0.217103743375,0.259692184918
70,25.5,1537.87004998,12.0620968781,14.028574862,22.0951436181,72.8194535719,0.217103743375,0.259692184918
71,25.4,1550.00310001,12.2051271757,13.0605313838,22.0951436181,72.8194535719,0.217103743375,0.259692184918
72,25.3,1562.28030433,12.3504278251,12.0600077485,22.0951436181,72.8194535719,0.217103743375,0.259692184918
73,25.2,1574.70395566,12.498044053,11.0713206603,22.0951436181,72.8194535719,0.217103743375,0.259692184918
74,25.1,1587.27639244,12.6480221718,10.1162863411,22.0951436181,72.8194535719,0.217103743375,0.259692184918
75,25,1600,6.36180378089,8.96174049213,22.0951436181,72.8194535719,0.217103743375,0.259692184918
76,25,1600,0,7.82234330184,22.0951436181,72.8194535719,0.217103743375,0.259692184918
77,25,1600,6.43860582894,6.72537114642,22.0951436181,72.8194535719,0.217103743375,0.259692184918
78,24.9,1612.87721166,6.43860582894,5.69876934101,22.0951436181,72.8194535719,0.217103743375,0.259692184918
79,24.9,1612.87721166,0,4.4970630863,22.0951436181,72.8194535719,0.217103743375,0.259692184918
80,24.9,1612.87721166,6.51664911383,3.52161009165,22.0951436181,72.8194535719,0.217103743375,0.259692184918
81,24.8,1625.91050989,6.51664911383,3.0698573037,22.0951436181,72.8194535719,0.217103743375,0.259692184918
82,24.8,1625.91050989,0,2.79389520443,22.0951436181,72.8194535719,0.217103743375,0.259692184918
83,24.8,1625.91050989,0,2.3930986511,22.0951436181,72.8194535719,0.217103743375,0.259692184918
84,24.8,1625.91050989,6.59595881258,2.12659534191,22.0951436181,72.8194535719,0.217103743375,0.259692184918
85,24.7,1639.10242751,6.59595881258,2.00730662019,22.0951436181,72.8194535719,0.217103743375,0.259692184918
86,24.7,1639.10242751,0,1.7204639254,22.0951436181,72.8194535719,0.217103743375,0.259692184918
87,24.7,1639.10242751,0,1.52105932076,22.0951436181,72.8194535719,0.217103743375,0.259692184918
88,24.7,1639.10242751,0,1.4238055816,22.0951436181,72.8194535719,0.217103743375,0.259692184918
89,24.7,1639.10242751,0,1.44360056599,22.0951436181,72.8194535719,0.217103743375,0.259692184918
90,24.7,1639.10242751,0,1.5955303268,22.0951436181,72.8194535719,0.217103743375,0.259692184918
91,24.7,1639.10242751,0,1.5296121143,22.0951436181,72.8194535719,0.217103743375,0.259692184918
92,24.7,1639.10242751,0,1.14946113566,22.0951436181,72.8194535719,0.217103743375,0.259692184918
93,24.7,1639.10242751,0,1.08152599082,22.0951436181,72.8194535719,0.217103743375,0.259692184918
94,24.7,1639.10242751,6.67656071752,1.06797596807,22.0951436181,72.8194535719,0.217103743375,0.259692184918
95,24.6,1652.45554895,6.67656071752,0.750061769023,22.0951436181,72.8194535719,0.217103743375,0.259692184918
96,24.6,1652.45554895,0,0.761812529018,22.0951436181,72.8194535719,0.217103743375,0.259692184918
97,24.6,1652.45554895,0,0.842272332486,22.0951436181,72.8194535719,0.217103743375,0.259692184918
98,24.6,1652.45554895,0,0.628343428217,22.0951436181,72.8194535719,0.217103743375,0.259692184918
99,24.6,1652.45554895,0,0.110097223948,22.0951436181,72.8194535719,0.217103743375,0.259692184918
100,24.6,1652.45554895,0,0.0382927514087,22.0951436181,72.8194535719,0.217103743375,0.259692184918
101,24.6,1652.45554895,0,0.419438139507,22.0951436181,72.8194535719,0.217103743375,0.259692184918
102,24.6,1652.45554895,0,0.502610009824,22.0951436181,72.8194535719,0.217103743375,0.259692184918
103,24.6,1652.45554895,0,0.558610190442,22.0951436181,72.8194535719,0.217103743375,0.259692184918
104,24.6,1652.45554895,0,0.587438681362,22.0951436181,72.8194535719,0.217103743375,0.259692184918
105,24.6,1652.45554895,0,0.589095482584,22.0951436181,72.8194535719,0.217103743375,0.259692184918
106,24.6,1652.45554895,0,0.563580594107,22.0951436181,72.8194535719,0.217103743375,0.259692184918
107,24.6,1652.45554895,0,0.510894015931,22.0951436181,72.8194535719,0.217103743375,0.259692184918
108,24.6,1652.45554895,0,0.431035748057,22.0951436181,72.8194535719,0.217103743375,0.259692184918
109,24.6,1652.45554895,0,0.324005790484,22.0951436181,72.8194535719,0.217103743375,0.259692184918
110,24.6,1652.45554895,0,0.568563427522,22.0951436181,72.8194535719,0.217103743375,0.259692184918
111,24.6,1652.45554895,0,0.897349164363,22.0951436181,72.8194535719,0.217103743375,0.259692184918
112,24.6,1652.45554895,0,0.938355219094,22.0951436181,72.8194535719,0.217103743375,0.259692184918
113,24.6,1652.45554895,0,0.965692588915,22.0951436181,72.8194535719,0.217103743375,0.259692184918
114,24.6,1652.45554895,6.75848125391,0.979361273825,22.0951436181,72.8194535719,0.217103743375,0.259692184918
115,24.5,1665.97251145,6.75848125391,0.979361273825,22.0951436181,72.8194535719,0.217103743375,0.259692184918
116,24.5,1665.97251145,0,0.965692588915,22.0951436181,72.8194535719,0.217103743375,0.259692184918
117,24.5,1665.97251145,0,0.938355219094,22.0951436181,72.8194535719,0.217103743375,0.259692184918
118,24.5,1665.97251145,0,0.897349164363,22.0951436181,72.8194535719,0.217103743375,0.259692184918
119,24.5,1665.97251145,0,0.842674424722,22.0951436181,72.8194535719,0.217103743375,0.259692184918
120,24.5,1665.97251145,0,0.77433100017,22.0951436181,72.8194535719,0.217103743375,0.259692184918
121,24.5,1665.97251145,0,0.692318890708,22.0951436181,72.8194535719,0.217103743375,0.259692184918
122,24.5,1665.97251145,0,0.596638096336,22.0951436181,72.8194535719,0.217103743375,0.259692184918
123,24.5,1665.97251145,0,0.487288617053,22.0951436181,72.8194535719,0.217103743375,0.259692184918
124,24.5,1665.97251145,0,0.36427045286,22.0951436181,72.8194535719,0.217103743375,0.259692184918
125,24.5,1665.97251145,0,0.227583603757,22.0951436181,72.8194535719,0.217103743375,0.259692184918
126,24.5,1665.97251145,0,0.0772280697434,22.0951436181,72.8194535719,0.217103743375,0.259692184918
127,24.5,1665.97251145,0,-0.0867961491806,22.0951436181,72.8194535719,0.217103743375,0.259692184918
128,24.5,1665.97251145,0,-0.264489053015,22.0951436181,72.8194535719,0.217103743375,0.259692184918
129,24.5,1665.97251145,0,-0.45585064176,22.0951436181,72.8194535719,0.217103743375,0.259692184918
130,24.5,1665.97251145,0,-0.27747430368,22.0951436181,72.8194535719,0.217103743375,0.259692184918
131,24.5,1665.97251145,0,0,22.0951436181,72.8194535719,0.217103743375,0.259692184918
132,24.5,1665.97251145,0,0,22.0951436181,72.8194535719,0.217103743375,0.259692184918
133,24.5,1665.97251145,0,0,22.0951436181,72.8194535719,0.217103743375,0.259692184918
134,24.5,1665.97251145,0,0,22.0951436181,72.8194535719,0.217103743375,0.259692184918
135,24.5,1665.97251145,0,0,22.0951436181,72.8194535719,0.217103743375,0.259692184918
136,24.5,1665.97251145,0,0,22.0951436181,72.8194535719,0.217103743375,0.259692184918
137,24.5,1665.97251145,0,0,22.0951436181,72.8194535719,0.217103743375,0.259692184918
138,24.5,1665.97251145,0,0,22.0951436181,72.8194535719,0.217103743375,0.259692184918
139,24.5,1665.97251145,0,0,22.0951436181,72.8194535719,0.217103743375,0.259692184918
140,24.5,1665.97251145,0,0,22.0951436181,72.8194535719,0.217103743375,0.259692184918
141,24.5,1665.97251145,0,0,22.0951436181,72.8194535719,0.217103743375,0.259692184918
142,24.5,1665.97251145,0,0,22.0951436181,72.8194535719,0.217103743375,0.259692184918
143,24.5,1665.97251145,0,0,22.0951436181,72.8194535719,0.217103743375,0.259692184918
144,24.5,1665.97251145,0,0,22.0951436181,72.8194535719,0.217103743375,0.259692184918
145,24.5,1665.97251145,0,0,22.0951436181,72.8194535719,0.217103743375,0.259692184918
146,24.5,1665.97251145,0,0,22.0951436181,72.8194535719,0.217103743375,0.259692184918
147,24.5,1665.97251145,0,0,22.0951436181,72.8194535719,0.217103743375,0.259692184918
148,24.5,1665.97251145,0,0,22.0951436181,72.8194535719,0.217103743375,0.259692184918
149,24.5,1665.97251145,0,0,22.0951436181,72.8194535719,0.217103743375,0.259692184918
150,24.5,1665.97251145,0,0,22.0951436181,72.8194535719,0.217103743375,0.259692184918
151,24.5,1665.97251145,0,0,22.0951436181,72.8194535719,0.217103743375,0.259692184918
152,24.5,1665.97251145,0,0,22.0951436181,72.8194535719,0.217103743375,0.259692184918
153,24.5,1665.97251145,0,0,22.0951436181,72.8194535719,0.217103743375,0.259692184918
154,24.5,1665.97251145,0,0,22.0951436181,72.8194535719,0.217103743375,0.259692184918
155,24.5,1665.97251145,0,0,22.0951436181,72.8194535719,0.217103743375,0.259692184918
156,24.5,1665.97251145,0,0,22.0951436181,72.8194535719,0.217103743375,0.259692184918
157,24.5,1665.97251145,0,0,22.0951436181,72.8194535719,0.217103743375,0.259692184918
158,24.5,1665.97251145,0,-0.280892859162,22.0951436181,72.8194535719,0.217103743375,0.259692184918
159,24.5,1665.97251145,0,-0.461466840052,22.0951436181,72.8194535719,0.217103743375,0.259692184918
160,24.5,1665.97251145,0,-0.267747626837,22.0951436181,72.8194535719,0.217103743375,0.259692184918
161,24.5,1665.97251145,0,-0.0878655002797,22.0951436181,72.8194535719,0.217103743375,0.259692184918
162,24.5,1665.97251145,0,0.078179539619,22.0951436181,72.8194535719,0.217103743375,0.259692184918
163,24.5,1665.97251145,0,0.230387492859,22.0951436181,72.8194535719,0.217103743375,0.259692184918
164,24.5,1665.97251145,0,0.368758359442,22.0951436181,72.8194535719,0.217103743375,0.259692184918
165,24.5,1665.97251145,0,0.493292139366,22.0951436181,72.8194535719,0.217103743375,0.259692184918
166,24.5,1665.97251145,0,0.603988832631,22.0951436181,72.8194535719,0.217103743375,0.259692184918
167,24.5,1665.97251145,0,0.700848439239,22.0951436181,72.8194535719,0.217103743375,0.259692184918
168,24.5,1665.97251145,0,0.783870959188,22.0951436181,72.8194535719,0.217103743375,0.259692184918
169,24.5,1665.97251145,0,0.85305639248,22.0951436181,72.8194535719,0.217103743375,0.259692184918
170,24.5,1665.97251145,0,0.908404739112,22.0951436181,72.8194535719,0.217103743375,0.259692184918
171,24.5,1665.97251145,0,0.949915999087,22.0951436181,72.8194535719,0.217103743375,0.259692184918
172,24.5,1665.97251145,0,0.977590172404,22.0951436181,72.8194535719,0.217103743375,0.259692184918
173,24.5,1665.97251145,6.84174749816,0.991427259062,22.0951436181,72.8194535719,0.217103743375,0.259692184918
174,24.4,1679.65600645,6.84174749816,0.991427259062,22.0951436181,72.8194535719,0.217103743375,0.259692184918
175,24.4,1679.65600645,0,0.977590172404,22.0951436181,72.8194535719,0.217103743375,0.259692184918
176,24.4,1679.65600645,0,0.949915999087,22.0951436181,72.8194535719,0.217103743375,0.259692184918
177,24.4,1679.65600645,0,0.908404739112,22.0951436181,72.8194535719,0.217103743375,0.259692184918
178,24.4,1679.65600645,0,0.85305639248,22.0951436181,72.8194535719,0.217103743375,0.259692184918
179,24.4,1679.65600645,0,0.783870959188,22.0951436181,72.8194535719,0.217103743375,0.259692184918
180,24.4,1679.65600645,0,0.700848439239,22.0951436181,72.8194535719,0.217103743375,0.259692184918
181,24.4,1679.65600645,0,0.603988832631,22.0951436181,72.8194535719,0.217103743375,0.259692184918
182,24.4,1679.65600645,0,0.493292139366,22.0951436181,72.8194535719,0.217103743375,0.259692184918
183,24.4,1679.65600645,0,0.368758359442,22.0951436181,72.8194535719,0.217103743375,0.259692184918
184,24.4,1679.65600645,0,0.230387492859,22.0951436181,72.8194535719,0.217103743375,0.259692184918
185,24.4,1679.65600645,0,0.078179539619,22.0951436181,72.8194535719,0.217103743375,0.259692184918
186,24.4,1679.65600645,0,-0.0878655002797,22.0951436181,72.8194535719,0.217103743375,0.259692184918
187,24.4,1679.65600645,0,-0.267747626837,22.0951436181,72.8194535719,0.217103743375,0.259692184918
188,24.4,1679.65600645,0,-0.461466840052,22.0951436181,72.8194535719,0.217103743375,0.259692184918
189,24.4,1679.65600645,0,-0.280892859162,22.0951436181,72.8194535719,0.217103743375,0.259692184918
190,24.4,1679.65600645,0,0,22.0951436181,72.8194535719,0.217103743375,0.259692184918
191,24.4,1679.65600645,0,0,22.0951436181,72.8194535719,0.217103743375,0.259692184918
192,24.4,1679.65600645,0,0,22.0951436181,72.8194535719,0.217103743375,0.259692184918
193,24.4,1679.65600645,0,0,22.0951436181,72.8194535719,0.217103743375,0.259692184918
194,24.4,1679.65600645,0,0,22.0951436181,72.8194535719,0.217103743375,0.259692184918
195,24.4,1679.65600645,0,0,22.0951436181,72.8194535719,0.217103743375,0.259692184918
196,24.4,1679.65600645,0,0,22.0951436181,72.8194535719,0.217103743375,0.259692184918
197,24.4,1679.65600645,0,0,22.0951436181,72.8194535719,0.217103743375,0.259692184918
198,24.4,1679.65600645,0,0,22.0951436181,72.8194535719,0.217103743375,0.259692184918
199,24.4,1679.65600645,0,0,22.0951436181,72.8194535719,0.217103743375,0.259692184918
200,24.4,1679.65600645,0,0,22.0951436181,72.8194535719,0.217103743375,0.259692184918
201,24.4,1679.65600645,0,0,22.0951436181,72.8194535719,0.217103743375,0.259692184918
202,24.4,1679.65600645,0,0,22.0951436181,72.8194535719,0.217103743375,0.259692184918
203,24.4,1679.65600645,0,0,22.0951436181,72.8194535719,0.217103743375,0.259692184918
204,24.4,1679.65600645,0,0,22.0951436181,72.8194535719,0.217103743375,0.259692184918
205,24.4,1679.65600645,0,0,22.0951436181,72.8194535719,0.217103743375,0.259692184918
206,24.4,1679.65600645,0,0,22.0951436181,72.8194535719,0.217103743375,0.259692184918
207,24.4,1679.65600645,0,0,22.0951436181,72.8194535719,0.217103743375,0.259692184918
208,24.4,1679.65600645,0,0,22.0951436181,72.8194535719,0.217103743375,0.259692184918
209,24.4,1679.65600645,0,0,22.0951436181,72.8194535719,0.217103743375,0.259692184918
210,24.4,1679.65600645,0,0,22.0951436181,72.8194535719,0.217103743375,0.259692184918
211,24.4,1679.65600645,0,0,22.0951436181,72.8194535719,0.217103743375,0.259692184918
212,24.4,1679.65600645,0,0,22.0951436181,72.8194535719,0.217103743375,0.259692184918
213,24.4,1679.65600645,0,0,22.0951436181,72.8194535719,0.217103743375,0.259692184918
214,24.4,1679.65600645,0,0,22.0951436181,72.8194535719,0.217103743375,0.259692184918
215,24.4,1679.65600645,0,0,22.0951436181,72.8194535719,0.217103743375,0.259692184918
216,24.4,1679.65600645,0,0,22.0951436181,72.8194535719,0.217103743375,0.259692184918
217,24.4,1679.65600645,0,0,22.0951436181,72.8194535719,0.217103743375,0.259692184918
218,24.4,1679.65600645,0,0,22.0951436181,72.8194535719,0.217103743375,0.259692184918
219,24.4,1679.65600645,0,0,22.0951436181,72.8194535719,0.217103743375,0.259692184918
220,24.4,1679.65600645,0,0,22.0951436181,72.8194535719,0.217103743375,0.259692184918
221,24.4,1679.65600645,0,0,22.0951436181,72.8194535719,0.217103743375,0.259692184918
222,24.4,1679.65600645,0,0,22.0951436181,72.8194535719,0.217103743375,0.259692184918
223,24.4,1679.65600645,0,0,22.0951436181,72.8194535719,0.217103743375,0.259692184918
224,24.4,1679.65600645,0,0,22.0951436181,72.8194535719,0.217103743375,0.259692184918
225,24.4,1679.65600645,0,0,22.0951436181,72.8194535719,0.217103743375,0.259692184918
226,24.4,1679.65600645,0,0,22.0951436181,72.8194535719,0.217103743375,0.259692184918
227,24.4,1679.65600645,0,0,22.0951436181,72.8194535719,0.217103743375,0.259692184918
228,24.4,1679.65600645,0,0,22.0951436181,72.8194535719,0.217103743375,0.259692184918
229,24.4,1679.65600645,0,0,22.0951436181,72.8194535719,0.217103743375,0.259692184918
230,24.4,1679.65600645,0,0,22.0951436181,72.8194535719,0.217103743375,0.259692184918
231,24.4,1679.65600645,0,0,22.0951436181,72.8194535719,0.217103743375,0.259692184918
232,24.4,1679.65600645,0,0,22.0951436181,72.8194535719,0.217103743375,0.259692184918
233,24.4,1679.65600645,0,0,22.0951436181,72.8194535719,0.217103743375,0.259692184918
234,24.4,1679.65600645,0,0,22.0951436181,72.8194535719,0.217103743375,0.259692184918
235,24.4,1679.65600645,0,0,22.0951436181,72.8194535719,0.217103743375,0.259692184918
236,24.4,1679.65600645,0,0,22.0951436181,72.8194535719,0.217103743375,0.259692184918
237,24.4,1679.65600645,0,0,22.0951436181,72.8194535719,0.217103743375,0.259692184918
238,24.4,1679.65600645,0,0,22.0951436181,72.8194535719,0.217103743375,0.259692184918
239,24.4,1679.65600645,0,0,22.0951436181,72.8194535719,0.217103743375,0.259692184918
240,24.4,1679.65600645,0,0,22.0951436181,72.8194535719,0.217103743375,0.259692184918
241,24.4,1679.65600645,0,0,22.0951436181,72.8194535719,0.217103743375,0.259692184918
242,24.4,1679.65600645,0,0,22.0951436181,72.8194535719,0.217103743375,0.259692184918
243,24.4,1679.65600645,0,0,22.0951436181,72.8194535719,0.217103743375,0.259692184918
244,24.4,1679.65600645,0,0,22.0951436181,72.8194535719,0.217103743375,0.259692184918
245,24.4,1679.65600645,0,0,22.0951436181,72.8194535719,0.217103743375,0.259692184918
246,24.4,1679.65600645,0,0,22.0951436181,72.8194535719,0.217103743375,0.259692184918
247,24.4,1679.65600645,0,0,22.0951436181,72.8194535719,0.217103743375,0.259692184918
248,24.4,1679.65600645,0,0,22.0951436181,72.8194535719,0.217103743375,0.259692184918
249,24.4,1679.65600645,0,0,22.0951436181,72.8194535719,0.217103743375,0.259692184918
250,24.4,1679.65600645,0,0,22.0951436181,72.8194535719,0.217103743375,0.259692184918
251,24.4,1679.65600645,0,0,22.0951436181,72.8194535719,0.217103743375,0.259692184918
252,24.4,1679.65600645,0,0,22.0951436181,72.8194535719,0.217103743375,0.259692184918
253,24.4,1679.65600645,0,0,22.0951436181,72.8194535719,0.217103743375,0.259692184918
254,24.4,1679.65600645,0,0,22.0951436181,72.8194535719,0.217103743375,0.259692184918
255,24.4,1679.65600645,0,0,22.0951436181,72.8194535719,0.217103743375,0.259692184918
256,24.4,1679.65600645,0,0,22.0951436181,72.8194535719,0.217103743375,0.259692184918
257,24.4,1679.65600645,0,0,22.0951436181,72.8194535719,0.217103743375,0.259692184918
258,24.4,1679.65600645,0,0,22.0951436181,72.8194535719,0.217103743375,0.259692184918
259,24.4,1679.65600645,0,0,22.0951436181,72.8194535719,0.217103743375,0.259692184918
260,24.4,1679.65600645,0,0,22.0951436181,72.8194535719,0.217103743375,0.259692184918
261,24.4,1679.65600645,0,0,22.0951436181,72.8194535719,0.217103743375,0.259692184918
262,24.4,1679.65600645,0,0,22.0951436181,72.8194535719,0.217103743375,0.259692184918
263,24.4,1679.65600645,0,0,22.0951436181,72.8194535719,0.217103743375,0.259692184918
264,24.4,1679.65600645,0,0,22.0951436181,72.8194535719,0.217103743375,0.259692184918
265,24.4,1679.65600645,0,0,22.0951436181,72.8194535719,0.217103743375,0.259692184918
266,24.4,1679.65600645,0,0,22.0951436181,72.8194535719,0.217103743375,0.259692184918
267,24.4,1679.65600645,0,0,22.0951436181,72.8194535719,0.217103743375,0.259692184918
268,24.4,1679.65600645,0,0,22.0951436181,72.8194535719,0.217103743375,0.259692184918
269,24.4,1679.65600645,0,0,22.0951436181,72.8194535719,0.217103743375,0.259692184918
270,24.4,1679.65600645,0,0,22.0951436181,72.8194535719,0.217103743375,0.259692184918
271,24.4,1679.65600645,0,0,22.0951436181,72.8194535719,0.217103743375,0.259692184918
272,24.4,1679.65600645,0,0,22.0951436181,72.8194535719,0.217103743375,0.259692184918
273,24.4,1679.65600645,0,0,22.0951436181,72.8194535719,0.217103743375,0.259692184918
274,24.4,1679.65600645,0,0,22.0951436181,72.8194535719,0.217103743375,0.259692184918
275,24.4,1679.65600645,0,0,22.0951436181,72.8194535719,0.217103743375,0.259692184918
276,24.4,1679.65600645,0,0,22.0951436181,72.8194535719,0.217103743375,0.259692184918
277,24.4,1679.65600645,0,0,22.0951436181,72.8194535719,0.217103743375,0.259692184918
278,24.4,1679.65600645,0,0,22.0951436181,72.8194535719,0.217103743375,0.259692184918
279,24.4,1679.65600645,0,0,22.0951436181,72.8194535719,0.217103743375,0.259692184918
280,24.4,1679.65600645,0,0,22.0951436181,72.8194535719,0.217103743375,0.259692184918
281,24.4,1679.65600645,0,0,22.0951436181,72.8194535719,0.217103743375,0.259692184918
282,24.4,1679.65600645,0,0,22.0951436181,72.8194535719,0.217103743375,0.259692184918
283,24.4,1679.65600645,0,0,22.0951436181,72.8194535719,0.217103743375,0.259692184918
284,24.4,1679.65600645,0,-0.284367802792,22.0951436181,72.8194535719,0.217103743375,0.259692184918
285,24.4,1679.65600645,0,-0.751543478807,22.0951436181,72.8194535719,0.217103743375,0.259692184918
286,24.4,1679.65600645,0,-0.934351352031,22.0951436181,72.8194535719,0.217103743375,0.259692184918
287,24.4,1679.65600645,0,-1.06802214168,22.0951436181,72.8194535719,0.217103743375,0.259692184918
288,24.4,1679.65600645,0,-1.13896473954,22.0951436181,72.8194535719,0.217103743375,0.259692184918
289,24.4,1679.65600645,0,-1.13358803739,22.0951436181,72.8194535719,0.217103743375,0.259692184918
290,24.4,1679.65600645,0,-1.038300927,22.0951436181,72.8194535719,0.217103743375,0.259692184918
291,24.4,1679.65600645,0,-0.839512300154,22.0951436181,72.8194535719,0.217103743375,0.259692184918
292,24.4,1679.65600645,0,-0.523631048628,22.0951436181,72.8194535719,0.217103743375,0.259692184918
293,24.4,1679.65600645,0,-0.077066064202,22.0951436181,72.8194535719,0.217103743375,0.259692184918
294,24.4,1679.65600645,0,0.513773761347,22.0951436181,72.8194535719,0.217103743375,0.259692184918
295,24.4,1679.65600645,0,1.26247953624,22.0951436181,72.8194535719,0.217103743375,0.259692184918
296,24.4,1679.65600645,0,2.1826423687,22.0951436181,72.8194535719,0.217103743375,0.259692184918
297,24.4,1679.65600645,0,3.28785336694,22.0951436181,72.8194535719,0.217103743375,0.259692184918
298,24.4,1679.65600645,0,4.5917036392,22.0951436181,72.8194535719,0.217103743375,0.259692184918
299,24.4,1679.65600645,6.92638719657,6.10778429368,22.0951436181,72.8194535719,0.217103743375,0.259692184918
300,24.3,1693.50878084,13.8527743931,7.84968643862,22.0951436181,72.8194535719,0.217103743375,0.259692184918
